ASISr_X,ASISr_Y,ASISr_Z,ASISl_X,ASISl_Y,ASISl_Z,PSISr_X,PSISr_Y,PSISr_Z,PSISl_X,PSISl_Y,PSISl_Z
667.12,305.79900000000004,175.209,753.439,75.9487,187.75900000000001,853.113,301.62,220.298,889.7739999999999,195.835,220.271
667.1260000000001,305.767,175.218,753.482,75.9486,187.771,853.133,301.635,220.291,889.807,195.847,220.257
667.1419999999999,305.738,175.22,753.548,75.9596,187.77900000000002,853.1419999999999,301.655,220.27599999999998,889.8489999999999,195.873,220.237
667.154,305.71299999999997,175.238,753.6030000000001,75.9542,187.791,853.155,301.68,220.253,889.8760000000001,195.908,220.22299999999998
667.1669999999999,305.677,175.24900000000002,753.666,75.9612,187.801,853.178,301.7,220.236,889.916,195.949,220.218
667.176,305.64099999999996,175.25599999999997,753.735,75.959,187.81,853.194,301.738,220.21,889.967,195.989,220.209
667.184,305.612,175.262,753.818,75.9603,187.822,853.204,301.772,220.19,890.02,196.044,220.19
667.198,305.58,175.274,753.885,75.9629,187.826,853.211,301.818,220.173,890.073,196.08700000000002,220.178
667.2,305.545,175.28099999999998,753.966,75.9687,187.83700000000002,853.221,301.858,220.15400000000002,890.12,196.144,220.165
667.212,305.506,175.28400000000002,754.057,75.9745,187.84400000000002,853.2310000000001,301.908,220.14700000000002,890.166,196.199,220.15
667.2239999999999,305.48,175.28799999999998,754.135,75.9672,187.84799999999998,853.2330000000001,301.95099999999996,220.132,890.202,196.265,220.14700000000002
667.2289999999999,305.44599999999997,175.28599999999997,754.2180000000001,75.9695,187.859,853.257,302.007,220.125,890.265,196.324,220.138
667.245,305.437,175.28400000000002,754.2919999999999,75.9875,187.861,853.268,302.051,220.11700000000002,890.309,196.385,220.139
667.2560000000001,305.42400000000004,175.278,754.367,75.9997,187.864,853.278,302.089,220.114,890.3539999999999,196.43400000000003,220.13400000000001
667.284,305.41700000000003,175.267,754.442,76.0208,187.87,853.304,302.133,220.12900000000002,890.387,196.47799999999998,220.142
667.297,305.42900000000003,175.252,754.4939999999999,76.0493,187.864,853.324,302.16200000000003,220.13,890.422,196.517,220.153
667.328,305.438,175.24,754.546,76.0782,187.852,853.34,302.194,220.13,890.4639999999999,196.55900000000003,220.15900000000002
667.3480000000001,305.461,175.227,754.5939999999999,76.1202,187.84,853.3689999999999,302.224,220.142,890.4939999999999,196.578,220.166
667.3919999999999,305.47900000000004,175.201,754.622,76.1428,187.832,853.398,302.24,220.149,890.533,196.59099999999998,220.18099999999998
667.4069999999999,305.519,175.187,754.654,76.183,187.81799999999998,853.426,302.249,220.157,890.553,196.595,220.2
667.435,305.559,175.157,754.6619999999999,76.2062,187.801,853.461,302.254,220.18099999999998,890.576,196.6,220.215
667.466,305.607,175.13099999999997,754.663,76.2417,187.773,853.495,302.252,220.199,890.5889999999999,196.602,220.229
667.5,305.66200000000003,175.1,754.6619999999999,76.2858,187.757,853.518,302.255,220.23,890.5880000000001,196.59,220.25400000000002
667.5310000000001,305.716,175.067,754.6469999999999,76.3232,187.732,853.546,302.249,220.253,890.6030000000001,196.582,220.28400000000002
667.556,305.776,175.04,754.6189999999999,76.3642,187.71200000000002,853.567,302.24,220.282,890.586,196.56400000000002,220.303
667.579,305.841,175.00799999999998,754.5939999999999,76.4182,187.687,853.5980000000001,302.22900000000004,220.31,890.578,196.544,220.325
667.602,305.904,174.967,754.562,76.4734,187.674,853.61,302.221,220.34,890.574,196.511,220.35
667.607,305.974,174.93900000000002,754.518,76.5369,187.65599999999998,853.625,302.21,220.378,890.548,196.49,220.38400000000001
667.62,306.031,174.91099999999997,754.4680000000001,76.5946,187.65400000000002,853.637,302.199,220.391,890.5319999999999,196.46200000000002,220.403
667.6289999999999,306.08299999999997,174.878,754.421,76.6471,187.648,853.6469999999999,302.189,220.422,890.533,196.44799999999998,220.429
667.627,306.142,174.86,754.3839999999999,76.6984,187.641,853.6410000000001,302.194,220.44,890.508,196.429,220.442
667.62,306.193,174.829,754.335,76.7381,187.641,853.6310000000001,302.193,220.447,890.487,196.421,220.458
667.6139999999999,306.243,174.804,754.285,76.7867,187.65200000000002,853.6189999999999,302.197,220.458,890.46,196.418,220.465
667.591,306.286,174.783,754.2410000000001,76.8393,187.653,853.6160000000001,302.20799999999997,220.45,890.427,196.43099999999998,220.457
667.565,306.329,174.762,754.197,76.8801,187.667,853.595,302.225,220.442,890.3989999999999,196.445,220.457
667.538,306.366,174.738,754.1469999999999,76.9287,187.68599999999998,853.573,302.242,220.423,890.377,196.455,220.45
667.4939999999999,306.405,174.72099999999998,754.1139999999999,76.9813,187.687,853.547,302.283,220.41099999999997,890.3489999999999,196.488,220.449
667.453,306.43,174.709,754.07,77.0221,187.704,853.528,302.32099999999997,220.396,890.332,196.512,220.435
667.423,306.471,174.701,754.045,77.0593,187.718,853.4860000000001,302.355,220.368,890.289,196.551,220.416
667.38,306.493,174.706,754.02,77.0975,187.731,853.448,302.407,220.361,890.2710000000001,196.611,220.41
667.34,306.522,174.706,753.985,77.126,187.739,853.427,302.459,220.34900000000002,890.243,196.67,220.396
667.305,306.551,174.71,753.954,77.1344,187.745,853.4010000000001,302.522,220.342,890.191,196.715,220.385
667.263,306.578,174.707,753.913,77.137,187.743,853.3660000000001,302.564,220.33900000000003,890.132,196.763,220.37099999999998
667.2330000000001,306.59,174.69099999999997,753.857,77.1452,187.72099999999998,853.0930000000001,302.507,220.24200000000002,890.092,196.80700000000002,220.37400000000002
667.19,306.613,174.687,753.801,77.1474,187.705,853.0310000000001,302.518,220.25599999999997,890.0219999999999,196.815,220.385
667.1569999999999,306.616,174.676,753.7289999999999,77.1356,187.688,852.988,302.522,220.268,889.94,196.817,220.398
667.1260000000001,306.623,174.65200000000002,753.6289999999999,77.1257,187.62900000000002,852.929,302.508,220.28400000000002,889.868,196.805,220.428
667.0880000000001,306.625,174.61700000000002,753.5110000000001,77.0962,187.58700000000002,852.8760000000001,302.478,220.31599999999997,889.757,196.766,220.46400000000003
667.034,306.647,174.56900000000002,753.365,77.0732,187.533,852.812,302.425,220.36,889.6339999999999,196.708,220.517
666.9810000000001,306.654,174.50799999999998,753.21,77.0657,187.48,852.755,302.376,220.428,889.495,196.635,220.59099999999998
666.877,306.644,174.45,753.03,77.0603,187.455,852.7760000000001,302.334,220.542,889.346,196.533,220.672
666.7539999999999,306.6,174.363,752.847,77.0628,187.424,852.775,302.275,220.638,889.198,196.417,220.74900000000002
666.758,306.716,174.356,752.6439999999999,77.06,187.38299999999998,852.449,302.11,220.63099999999997,889.0360000000001,196.283,220.834
666.689,306.726,174.271,752.443,77.0484,187.354,852.3560000000001,302.015,220.697,888.8960000000001,196.145,220.908
666.63,306.741,174.192,752.222,77.038,187.31599999999997,852.303,301.9,220.774,888.7330000000001,196.00099999999998,220.988
666.58,306.764,174.101,752.003,77.0233,187.28400000000002,852.242,301.791,220.84,888.617,195.855,221.071
666.556,306.791,174.013,751.7739999999999,77.0034,187.255,852.189,301.684,220.903,888.59,195.71900000000002,221.17700000000002
666.6310000000001,306.829,173.81099999999998,751.533,76.9797,187.218,852.182,301.548,220.96,888.666,195.61599999999999,221.321
666.6389999999999,306.83799999999997,173.78400000000002,751.314,76.9428,187.197,852.172,301.442,221.013,888.78,195.50400000000002,221.463
666.553,306.85,173.78799999999998,751.059,76.8903,187.18900000000002,852.198,301.33099999999996,221.062,888.795,195.37900000000002,221.58
666.572,306.921,173.75799999999998,750.811,76.8615,187.21900000000002,852.247,301.245,221.106,888.1030000000001,195.132,221.46900000000002
666.551,306.906,173.791,750.553,76.8435,187.287,852.323,301.155,221.15400000000002,888.33,195.063,221.662
666.632,307.11400000000003,173.66299999999998,750.28,76.8116,187.393,852.4119999999999,301.062,221.197,887.8839999999999,194.803,221.607
666.7180000000001,307.23400000000004,173.678,750.0189999999999,76.8048,187.532,852.467,300.947,221.22,887.7810000000001,194.63,221.69099999999997
666.9,307.39099999999996,173.667,749.7669999999999,76.8122,187.692,852.546,300.816,221.252,887.712,194.445,221.80200000000002
666.8389999999999,307.276,173.935,749.5310000000001,76.8177,187.875,852.591,300.665,221.27,887.6289999999999,194.22099999999998,221.877
667.1089999999999,307.60400000000004,173.93200000000002,749.3,76.8243,188.048,852.6510000000001,300.47,221.269,887.565,194.00799999999998,221.94299999999998
667.37,307.731,173.94,749.071,76.8258,188.21900000000002,852.665,300.274,221.253,887.99,193.858,222.12900000000002
667.3760000000001,307.861,174.013,748.85,76.843,188.388,852.703,300.046,221.235,887.768,193.584,222.101
667.466,307.89599999999996,174.12,748.672,76.8332,188.52900000000002,852.762,299.816,221.243,887.5269999999999,193.294,222.072
667.5830000000001,307.98400000000004,174.14700000000002,748.4630000000001,76.7893,188.69099999999997,852.795,299.577,221.255,887.337,193.00400000000002,222.083
667.701,308.047,174.18099999999998,748.5,77.0112,188.722,852.8439999999999,299.346,221.271,887.2460000000001,192.739,222.139
667.817,308.126,174.18,748.068,76.6313,188.99599999999998,852.925,299.098,221.327,887.186,192.47400000000002,222.225
667.9060000000001,308.13,174.175,747.8919999999999,76.5337,189.125,852.97,298.83799999999997,221.37099999999998,887.125,192.2,222.31599999999997
667.9810000000001,308.101,174.16299999999998,747.7719999999999,76.5205,189.239,853.0010000000001,298.577,221.43400000000003,887.049,191.898,222.421
668.0160000000001,308.02099999999996,174.13400000000001,747.591,76.3728,189.328,853.1469999999999,298.33,221.549,886.962,191.57,222.523
668.0319999999999,307.932,174.082,747.3839999999999,76.183,189.382,852.9830000000001,297.985,221.56400000000002,886.846,191.25900000000001,222.622
668.0139999999999,307.789,174.005,747.227,76.015,189.417,853.059,297.724,221.68599999999998,886.722,190.94299999999998,222.722
667.9680000000001,307.61400000000003,173.933,747.044,75.8146,189.446,852.955,297.38599999999997,221.799,886.577,190.608,222.82
667.923,307.389,173.864,746.86,75.5436,189.45,852.84,297.084,221.882,886.428,190.297,222.923
667.845,307.126,173.80900000000003,746.682,75.2465,189.46200000000002,852.7189999999999,296.769,221.954,886.291,189.979,223.014
667.7760000000001,306.832,173.77,746.4910000000001,74.892,189.5,852.578,296.447,222.025,886.12,189.63400000000001,223.067
667.695,306.501,173.747,746.2860000000001,74.5154,189.513,852.441,296.11,222.092,885.962,189.28099999999998,223.13
667.6010000000001,306.121,173.753,746.053,73.9669,189.50799999999998,852.308,295.74,222.16299999999998,885.798,188.907,223.18
667.515,305.738,173.778,745.8739999999999,73.6338,189.523,852.1669999999999,295.337,222.227,885.6389999999999,188.497,223.213
667.428,305.328,173.81799999999998,745.765,73.2655,189.523,852.039,294.915,222.28,885.5039999999999,188.06900000000002,223.27200000000002
667.328,304.89599999999996,173.88299999999998,745.53,72.7887,189.567,851.919,294.472,222.329,885.367,187.636,223.33900000000003
667.222,304.443,173.94400000000002,745.383,72.3286,189.582,851.813,293.993,222.37,885.227,187.18599999999998,223.395
667.128,303.967,174.00400000000002,745.211,71.7881,189.59599999999998,851.672,293.515,222.407,885.0930000000001,186.717,223.46
666.997,303.466,174.072,745.067,71.2108,189.56599999999997,851.541,293.029,222.456,884.962,186.263,223.52200000000002
666.89,302.935,174.135,745.128,70.9851,189.59400000000002,851.4069999999999,292.533,222.523,884.819,185.817,223.59900000000002
666.757,302.379,174.18400000000003,745.257,70.7555,189.533,851.255,292.034,222.608,884.686,185.363,223.699
666.6110000000001,301.812,174.217,744.988,69.9071,189.54,851.06,291.517,222.68900000000002,884.555,184.89700000000002,223.8
666.47,301.18,174.239,744.95,69.3278,189.49599999999998,850.857,291.018,222.81099999999998,884.586,184.519,223.958
666.315,300.551,174.267,744.909,68.7517,189.428,850.645,290.519,222.949,884.443,184.048,224.095
666.186,299.879,174.28,744.8910000000001,68.167,189.37599999999998,850.431,290.019,223.09,884.288,183.578,224.24200000000002
666.072,299.218,174.273,744.88,67.5714,189.301,850.2180000000001,289.51099999999997,223.261,884.155,183.10299999999998,224.417
665.8989999999999,298.556,174.26,744.883,66.9462,189.22099999999998,850.0239999999999,289.0,223.433,884.0110000000001,182.613,224.58599999999998
665.821,297.883,174.25599999999997,744.9069999999999,66.305,189.141,849.8580000000001,288.464,223.62,883.88,182.1,224.773
665.773,297.204,174.24599999999998,744.944,65.6783,189.07,849.7360000000001,287.913,223.808,883.794,181.581,224.958
665.773,296.55,174.235,745.01,65.0636,188.99,849.623,287.36,223.997,883.703,181.042,225.143
665.8689999999999,295.907,174.229,745.062,64.4354,188.916,849.57,286.763,224.19400000000002,883.6439999999999,180.47400000000002,225.31799999999998
665.832,295.316,174.19799999999998,745.1289999999999,63.8362,188.80200000000002,849.5189999999999,286.144,224.407,883.581,179.89,225.48
665.909,294.742,174.173,745.2180000000001,63.2462,188.68,849.529,285.509,224.63299999999998,883.559,179.283,225.66400000000002
666.11,294.16900000000004,174.169,745.296,62.6714,188.55700000000002,849.553,284.867,224.882,883.554,178.65400000000002,225.865
666.247,293.624,174.15099999999998,745.4,62.1439,188.437,849.597,284.216,225.13400000000001,883.562,178.02700000000002,226.063
666.408,293.098,174.144,745.5110000000001,61.5962,188.33700000000002,849.658,283.572,225.40900000000002,883.566,177.386,226.27
666.6039999999999,292.58799999999997,174.138,745.635,61.0995,188.235,849.743,282.941,225.69400000000002,883.63,176.752,226.505
666.819,292.11400000000003,174.12099999999998,745.778,60.6057,188.148,849.8380000000001,282.32099999999997,226.00099999999998,883.6560000000001,176.10299999999998,226.72799999999998
667.071,291.649,174.10299999999998,745.914,60.1288,188.058,849.952,281.705,226.31599999999997,883.757,175.468,226.99
667.334,291.209,174.08599999999998,746.0219999999999,59.4872,187.938,850.081,281.08299999999997,226.648,883.845,174.83900000000003,227.252
667.6439999999999,290.776,174.06799999999998,746.227,59.1115,187.855,850.2510000000001,280.469,227.02,883.961,174.229,227.513
667.98,290.351,174.043,746.437,58.6586,187.762,850.44,279.835,227.398,884.1060000000001,173.618,227.799
668.327,289.944,174.02700000000002,746.6519999999999,58.2014,187.673,850.664,279.203,227.78099999999998,884.235,173.007,228.085
668.695,289.551,174.018,746.8989999999999,57.7819,187.583,850.898,278.565,228.15200000000002,884.4110000000001,172.393,228.39700000000002
669.052,289.177,174.002,747.174,57.3536,187.50099999999998,851.138,277.918,228.532,884.6160000000001,171.78099999999998,228.71099999999998
669.426,288.823,173.983,747.4739999999999,56.9739,187.447,851.422,277.309,228.915,884.8380000000001,171.183,229.043
669.821,288.487,173.96599999999998,747.804,56.6077,187.451,851.707,276.732,229.264,885.329,170.611,229.459
670.2360000000001,288.11,173.954,748.175,56.2684,187.483,852.0169999999999,276.20599999999996,229.605,885.461,170.076,229.708
670.678,287.721,173.958,748.586,55.9202,187.571,852.334,275.683,229.925,885.8,169.58,230.03
671.163,287.313,173.954,749.034,55.565,187.71099999999998,852.675,275.252,230.24200000000002,886.192,169.149,230.355
671.658,286.91900000000004,173.972,749.5369999999999,55.1956,187.877,853.0260000000001,274.85400000000004,230.52700000000002,886.7410000000001,168.75799999999998,230.72
672.187,286.53,174.003,750.044,54.8436,188.05,853.431,274.481,230.81,887.1389999999999,168.425,231.03
672.73,286.211,174.043,750.567,54.4635,188.232,853.825,274.14099999999996,231.077,887.3439999999999,168.13299999999998,231.209
673.2769999999999,285.928,174.085,751.082,54.1493,188.396,854.345,273.835,231.407,887.898,167.854,231.545
673.831,285.697,174.125,751.571,53.8398,188.514,854.7639999999999,273.499,231.642,888.2719999999999,167.592,231.77
674.3510000000001,285.52299999999997,174.157,752.0269999999999,53.5919,188.582,855.092,273.139,231.8,888.632,167.31599999999997,231.981
674.855,285.334,174.18,752.438,53.343999999999994,188.606,855.5880000000001,272.842,232.08,888.975,167.045,232.173
675.355,285.175,174.18099999999998,752.814,53.1292,188.59599999999998,855.91,272.51,232.207,889.32,166.748,232.343
675.823,284.988,174.16299999999998,753.1569999999999,52.9352,188.55200000000002,856.29,272.216,232.40400000000002,889.6510000000001,166.452,232.516
676.285,284.816,174.13299999999998,753.4760000000001,52.7505,188.47799999999998,856.65,271.926,232.59799999999998,889.9810000000001,166.13299999999998,232.675
676.7460000000001,284.619,174.082,753.7710000000001,52.5644,188.382,857.002,271.651,232.796,890.297,165.821,232.84599999999998
677.194,284.472,174.028,754.075,52.4154,188.28,857.35,271.384,233.012,890.585,165.49400000000003,233.002
677.659,284.33299999999997,173.979,754.427,52.3899,188.13400000000001,857.716,271.121,233.209,890.904,165.195,233.15099999999998
678.1080000000001,284.22900000000004,173.92700000000002,754.7239999999999,52.2349,188.02200000000002,858.065,270.889,233.392,891.205,164.90599999999998,233.273
678.581,284.11400000000003,173.91,755.03,52.1077,187.91299999999998,858.523,270.67,233.61599999999999,891.549,164.65599999999998,233.403
679.049,284.035,173.91299999999998,755.375,52.0015,187.813,858.908,270.459,233.76,891.908,164.422,233.515
679.525,283.966,173.94,755.7080000000001,51.8908,187.747,859.247,270.231,233.83700000000002,892.2689999999999,164.209,233.614
680.0139999999999,283.868,173.988,756.085,51.797,187.705,859.7539999999999,270.053,234.016,892.6610000000001,163.99900000000002,233.705
680.518,283.8,174.03400000000002,756.482,51.725,187.676,860.1439999999999,269.865,234.075,893.097,163.812,233.8
681.063,283.703,174.088,756.9060000000001,51.6759,187.662,860.716,269.718,234.245,893.5310000000001,163.644,233.86900000000003
681.6519999999999,283.624,174.153,757.346,51.5928,187.674,861.243,269.574,234.333,894.0189999999999,163.46200000000002,233.928
682.2589999999999,283.541,174.233,757.806,51.4949,187.68,861.79,269.438,234.44,894.507,163.304,233.97299999999998
682.9110000000001,283.464,174.31599999999997,758.207,51.2977,187.687,862.377,269.289,234.52900000000002,895.038,163.138,234.002
683.59,283.41,174.415,758.692,51.1901,187.674,862.915,269.133,234.543,895.57,162.976,234.00599999999997
684.285,283.38,174.52900000000002,759.166,51.0774,187.625,863.586,268.943,234.63,896.118,162.77700000000002,233.99
685.0160000000001,283.38,174.638,759.6419999999999,50.9855,187.565,864.345,268.742,234.752,896.681,162.577,233.97799999999998
685.752,283.393,174.745,760.044,50.8334,187.50400000000002,864.9780000000001,268.51,234.748,897.263,162.355,233.954
686.5039999999999,283.435,174.862,760.462,50.7473,187.442,865.742,268.27299999999997,234.838,897.829,162.09799999999998,233.94099999999997
687.2710000000001,283.478,174.99099999999999,760.834,50.615,187.38,866.49,268.028,234.923,898.4019999999999,161.815,233.96400000000003
688.047,283.503,175.137,761.405,50.7274,187.28599999999997,867.2339999999999,267.783,235.02,898.9580000000001,161.525,234.003
688.836,283.528,175.308,761.5880000000001,50.4748,187.351,868.08,267.546,235.229,899.5219999999999,161.21,234.09099999999998
689.6030000000001,283.556,175.519,762.112,50.6292,187.362,868.7189999999999,267.297,235.315,900.051,160.929,234.203
690.368,283.592,175.755,762.4680000000001,50.5802,187.46900000000002,869.452,267.078,235.485,900.6110000000001,160.63299999999998,234.329
691.1439999999999,283.629,175.99099999999999,762.811,50.5534,187.613,870.279,266.881,235.73,901.1469999999999,160.374,234.468
691.92,283.707,176.253,762.925,50.3172,187.86599999999999,870.908,266.689,235.834,901.699,160.129,234.609
692.7130000000001,283.80400000000003,176.52,763.4889999999999,50.5782,188.03099999999998,871.663,266.54200000000003,236.02,902.2819999999999,159.928,234.743
693.5139999999999,283.98400000000004,176.822,763.6160000000001,50.3848,188.33,872.43,266.42900000000003,236.18200000000002,902.857,159.766,234.829
694.345,284.198,177.13,764.202,50.6978,188.535,873.248,266.328,236.34799999999998,903.493,159.627,234.919
695.184,284.47900000000004,177.476,764.557,50.7855,188.798,874.072,266.248,236.498,904.084,159.484,234.985
696.025,284.83099999999996,177.86599999999999,764.926,50.8881,189.045,874.925,266.16200000000003,236.655,904.72,159.363,235.074
696.885,285.197,178.29,765.2739999999999,50.9875,189.295,875.803,266.06,236.83,905.301,159.241,235.146
697.7460000000001,285.6,178.778,765.41,50.9146,189.55700000000002,876.688,265.926,237.025,905.945,159.114,235.253
698.61,286.007,179.31599999999997,765.763,51.1119,189.757,877.319,265.725,237.075,906.567,158.97,235.36
699.48,286.427,179.90900000000002,766.1010000000001,51.3228,189.947,878.188,265.55400000000003,237.327,907.2189999999999,158.81799999999998,235.479
700.323,286.869,180.515,766.438,51.5507,190.12400000000002,879.0239999999999,265.382,237.622,907.86,158.66899999999998,235.63
701.1610000000001,287.32099999999997,181.136,766.7360000000001,51.7795,190.31099999999998,879.82,265.251,237.947,908.446,158.543,235.821
701.9680000000001,287.753,181.75099999999998,767.0319999999999,52.0324,190.53099999999998,880.556,265.161,238.305,908.993,158.44,236.03099999999998
702.755,288.181,182.31799999999998,767.316,52.2903,190.804,881.242,265.134,238.697,909.508,158.379,236.271
703.48,288.592,182.857,767.61,52.5365,191.111,881.8810000000001,265.139,239.072,909.9839999999999,158.347,236.511
704.1510000000001,288.949,183.343,767.7589999999999,52.6684,191.468,882.461,265.186,239.407,910.461,158.371,236.74599999999998
704.7689999999999,289.21299999999997,183.775,768.0189999999999,52.9247,191.78599999999997,883.008,265.276,239.71200000000002,910.857,158.42,236.954
705.297,289.45,184.18200000000002,768.373,53.2993,192.04,883.505,265.392,239.957,911.2439999999999,158.51,237.11700000000002
705.789,289.658,184.502,768.3639999999999,53.2742,192.274,883.9789999999999,265.508,240.137,911.571,158.606,237.199
706.2139999999999,289.875,184.762,768.5010000000001,53.4333,192.399,884.3839999999999,265.62,240.25900000000001,911.878,158.702,237.21900000000002
706.585,290.128,184.984,768.789,53.8914,192.388,884.75,265.755,240.3,912.176,158.803,237.185
706.924,290.433,185.149,768.711,53.9448,192.445,885.084,265.89,240.273,912.193,158.83700000000002,237.00599999999997
707.2139999999999,290.762,185.24,768.775,54.2777,192.44,885.375,266.057,240.13,912.39,158.975,236.84099999999998
707.466,291.142,185.255,768.799,54.6162,192.422,885.622,266.225,239.87599999999998,912.555,159.155,236.583
707.665,291.52299999999997,185.158,768.93,55.1489,192.33700000000002,885.87,266.43,239.484,912.701,159.351,236.24099999999999
707.814,291.916,184.94799999999998,768.7719999999999,55.4316,192.225,886.077,266.644,238.97400000000002,912.828,159.586,235.79
707.883,292.322,184.612,768.8889999999999,55.9101,192.0,886.258,266.895,238.357,912.939,159.864,235.263
707.857,292.703,184.169,768.8639999999999,56.2541,191.69299999999998,886.3910000000001,267.182,237.668,913.056,160.16899999999998,234.65900000000002
707.71,293.039,183.66400000000002,768.7919999999999,56.6845,191.30900000000003,886.4680000000001,267.485,236.97099999999998,913.097,160.515,234.007
707.465,293.334,183.15,768.7280000000001,56.9346,190.89,886.447,267.80400000000003,236.285,912.93,160.89700000000002,233.303
707.115,293.57599999999996,182.702,768.6569999999999,57.1576,190.511,886.345,268.134,235.678,912.9110000000001,161.298,232.718
706.703,293.74,182.388,768.434,57.18,190.21900000000002,886.123,268.491,235.183,912.8380000000001,161.719,232.225
706.235,293.848,182.21,768.5110000000001,57.5062,190.03599999999997,885.82,268.899,234.827,912.692,162.192,231.84900000000002
705.7230000000001,293.906,182.125,768.422,57.6905,190.033,885.395,269.36,234.579,912.485,162.724,231.6
705.165,293.937,182.09099999999998,768.1510000000001,57.7149,190.17700000000002,884.883,269.88,234.428,912.206,163.284,231.456
704.564,293.942,182.06099999999998,768.183,58.0998,190.394,884.322,270.44599999999997,234.328,911.85,163.889,231.358
703.918,293.925,182.018,767.822,58.107,190.635,883.704,271.028,234.24200000000002,911.435,164.503,231.282
703.209,293.902,181.976,767.732,58.4446,190.878,883.041,271.61,234.13099999999997,910.99,165.114,231.21599999999998
702.447,293.911,181.91099999999997,767.438,58.6492,191.122,882.33,272.192,234.002,910.502,165.72099999999998,231.143
701.625,293.934,181.85,767.062,58.8617,191.364,881.5930000000001,272.768,233.831,909.953,166.33900000000003,231.05
700.788,294.017,181.796,766.659,59.1201,191.58,880.857,273.36,233.638,909.383,166.951,230.935
699.9119999999999,294.145,181.715,766.163,59.423,191.78099999999998,880.084,273.973,233.428,908.7769999999999,167.574,230.78
699.0360000000001,294.349,181.639,765.5930000000001,59.7329,191.986,879.331,274.58,233.178,908.1410000000001,168.204,230.60299999999998
698.172,294.628,181.549,764.932,60.0965,192.201,878.569,275.185,232.928,907.457,168.81400000000002,230.391
697.289,294.987,181.467,764.199,60.5039,192.399,877.815,275.758,232.66400000000002,906.7360000000001,169.423,230.183
696.39,295.39599999999996,181.422,763.3989999999999,60.9355,192.593,877.057,276.305,232.36900000000003,905.99,170.00599999999997,229.97099999999998
695.472,295.856,181.386,762.592,61.4408,192.74,876.28,276.808,232.06400000000002,905.225,170.562,229.768
694.5039999999999,296.36,181.37099999999998,761.737,61.9335,192.852,875.4730000000001,277.28700000000003,231.763,904.453,171.093,229.592
693.523,296.9,181.34599999999998,761.1510000000001,62.8027,192.889,874.65,277.76599999999996,231.477,903.6419999999999,171.601,229.43
692.518,297.41900000000004,181.308,759.997,63.1711,192.952,873.797,278.28,231.21599999999998,902.801,172.13299999999998,229.299
691.502,297.959,181.247,759.051,63.7344,193.013,872.9060000000001,278.824,231.00400000000002,901.947,172.676,229.183
690.539,298.478,181.172,758.065,64.2819,193.08,871.992,279.415,230.877,901.041,173.225,229.084
689.5939999999999,298.965,181.108,757.061,64.7974,193.15099999999998,871.057,280.019,230.8,900.265,173.812,229.065
688.684,299.44599999999997,181.05700000000002,756.198,65.425,193.17700000000002,870.13,280.591,230.74200000000002,899.165,174.27900000000002,228.94799999999998
687.7719999999999,299.92,181.044,754.93,65.6764,193.31900000000002,869.22,281.157,230.69400000000002,898.192,174.77200000000002,228.918
686.863,300.426,181.06599999999997,753.895,66.2028,193.398,868.331,281.691,230.607,897.216,175.24099999999999,228.88099999999997
685.945,300.975,181.097,753.051,67.0251,193.399,867.466,282.188,230.479,896.288,175.68,228.829
685.0260000000001,301.572,181.118,751.959,67.6489,193.44,866.6389999999999,282.675,230.31900000000002,895.6310000000001,176.146,228.90099999999998
684.105,302.193,181.12599999999998,750.9019999999999,68.3265,193.483,865.831,283.158,230.09,894.7689999999999,176.57,228.803
683.195,302.836,181.082,749.8919999999999,69.0317,193.516,865.041,283.66900000000004,229.84099999999998,893.952,177.02700000000002,228.666
682.318,303.48,181.023,748.7080000000001,69.4546,193.604,864.2639999999999,284.235,229.56400000000002,893.191,177.555,228.505
681.461,304.103,180.94299999999998,747.846,70.041,193.645,863.508,284.84,229.261,892.17,178.112,228.17
680.66,304.656,180.845,747.279,70.8068,193.65599999999998,862.789,285.453,228.94299999999998,891.467,178.705,227.94099999999997
679.8789999999999,305.152,180.762,746.543,71.281,193.74200000000002,862.097,286.099,228.608,890.783,179.33900000000003,227.705
679.145,305.628,180.671,745.633,71.5001,193.885,861.449,286.747,228.266,890.115,179.984,227.472
678.42,306.067,180.614,745.225,72.1558,193.908,860.829,287.374,227.898,889.467,180.602,227.232
677.735,306.501,180.56799999999998,744.3439999999999,72.3328,194.0,860.232,287.971,227.56599999999997,888.8539999999999,181.203,227.02
677.069,306.926,180.521,743.948,72.9995,193.953,859.6289999999999,288.529,227.22099999999998,888.216,181.75900000000001,226.83
676.3910000000001,307.334,180.47,743.307,73.4142,193.91099999999997,859.051,289.063,226.90900000000002,887.5830000000001,182.28099999999998,226.632
675.7239999999999,307.738,180.40599999999998,742.6560000000001,73.8187,193.854,858.459,289.574,226.625,886.9630000000001,182.767,226.46400000000003
675.029,308.139,180.333,742.0169999999999,74.2335,193.782,857.8430000000001,290.08299999999997,226.36900000000003,886.346,183.22299999999998,226.30200000000002
674.32,308.52299999999997,180.253,741.409,74.6135,193.71200000000002,857.216,290.592,226.142,885.779,183.676,226.18099999999998
673.6110000000001,308.86400000000003,180.175,740.818,75.0054,193.667,856.553,291.08,225.94400000000002,885.185,184.128,226.03900000000002
672.92,309.211,180.09,740.242,75.3412,193.643,855.903,291.572,225.792,884.605,184.585,225.922
672.2660000000001,309.515,180.033,739.7260000000001,75.6757,193.685,855.255,292.055,225.635,884.029,185.03900000000002,225.815
671.638,309.60900000000004,180.055,739.25,75.9888,193.77599999999998,854.6210000000001,292.561,225.455,883.4639999999999,185.517,225.69799999999998
671.045,309.844,180.018,738.5419999999999,76.0554,193.954,854.235,293.125,225.40900000000002,882.908,185.99599999999998,225.58900000000003
670.4689999999999,310.063,179.981,738.3480000000001,76.5809,193.97799999999998,853.418,293.58,225.048,882.34,186.46099999999998,225.479
669.924,310.278,179.921,737.659,77.0829,193.93900000000002,852.8539999999999,294.066,224.834,881.795,186.889,225.37400000000002
669.416,310.515,179.854,737.17,77.387,193.942,852.323,294.512,224.614,881.24,187.278,225.25799999999998
668.939,310.78,179.795,736.645,77.6289,193.907,852.0310000000001,294.972,224.53,880.7180000000001,187.612,225.16099999999997
668.472,311.074,179.757,736.27,78.0512,193.808,851.3530000000001,295.274,224.21200000000002,880.186,187.903,225.067
668.0089999999999,311.374,179.72400000000002,735.538,78.0459,193.735,851.078,295.637,224.204,879.695,188.15599999999998,224.99900000000002
667.545,311.686,179.701,735.14,78.4436,193.613,850.6039999999999,295.921,224.105,879.197,188.388,224.945
667.072,311.965,179.688,734.5880000000001,78.6707,193.50400000000002,849.921,296.079,223.94799999999998,878.7130000000001,188.58700000000002,224.926
666.582,312.223,179.679,733.811,78.6649,193.488,849.429,296.251,223.96599999999998,878.2130000000001,188.752,224.94400000000002
666.08,312.437,179.628,733.612,79.1031,193.31799999999998,849.1210000000001,296.443,224.176,877.704,188.888,224.981
665.529,312.685,179.53400000000002,733.115,79.2405,193.265,848.563,296.57599999999996,224.266,877.182,189.017,225.05900000000003
665.052,312.781,179.467,732.6060000000001,79.3684,193.239,847.9860000000001,296.718,224.361,876.632,189.118,225.15
664.568,312.863,179.40099999999998,732.07,79.4402,193.232,847.3739999999999,296.872,224.44799999999998,876.044,189.237,225.24400000000003
664.085,312.879,179.31799999999998,731.5189999999999,79.5314,193.22799999999998,846.541,296.995,224.418,875.433,189.327,225.34400000000002
663.5880000000001,312.9,179.206,730.9580000000001,79.5936,193.209,846.113,297.181,224.614,874.823,189.405,225.463
663.0889999999999,312.92,179.079,730.375,79.6202,193.178,845.4760000000001,297.286,224.68200000000002,874.204,189.47099999999998,225.576
662.5360000000001,312.908,178.90599999999998,729.788,79.6401,193.12599999999998,844.852,297.373,224.74200000000002,873.4810000000001,189.56900000000002,225.644
662.051,312.9,178.763,728.943,79.3978,193.12599999999998,844.222,297.426,224.79,872.951,189.577,225.835
661.553,312.86400000000003,178.63099999999997,728.6,79.6003,192.997,843.62,297.443,224.815,872.243,189.50799999999998,225.896
661.048,312.808,178.49,727.7460000000001,79.3151,192.995,843.0139999999999,297.433,224.83,871.605,189.456,225.983
660.55,312.751,178.34400000000002,727.13,79.2487,192.9,842.433,297.375,224.842,870.972,189.362,226.047
660.053,312.675,178.206,726.4960000000001,79.1536,192.81400000000002,841.862,297.284,224.878,870.331,189.234,226.111
659.55,312.57599999999996,178.081,725.855,79.0527,192.72400000000002,841.2860000000001,297.13,224.926,869.727,189.06099999999998,226.16299999999998
659.055,312.465,177.96099999999998,725.2260000000001,78.914,192.67700000000002,840.712,296.943,224.957,869.12,188.84400000000002,226.229
658.55,312.288,177.875,724.6160000000001,78.7648,192.638,840.133,296.711,224.99400000000003,868.505,188.577,226.285
658.063,312.058,177.799,724.015,78.5441,192.628,839.569,296.427,225.02200000000002,867.878,188.271,226.364
657.572,311.786,177.74599999999998,723.437,78.2753,192.62099999999998,839.002,296.11400000000003,225.071,867.2919999999999,187.926,226.46099999999998
657.071,311.467,177.707,722.8910000000001,77.9994,192.648,838.442,295.782,225.11900000000003,866.693,187.55,226.546
656.5889999999999,311.089,177.688,722.3539999999999,77.7184,192.706,837.8710000000001,295.42900000000003,225.16099999999997,866.128,187.169,226.646
656.1110000000001,310.691,177.702,721.846,77.402,192.78400000000002,837.328,295.08,225.206,865.595,186.753,226.72
655.659,310.262,177.76,721.3560000000001,77.0601,192.886,836.826,294.72700000000003,225.25,865.086,186.328,226.782
655.2080000000001,309.82,177.864,720.8739999999999,76.6992,193.05599999999998,836.32,294.35400000000004,225.27900000000002,864.61,185.9,226.815
654.776,309.349,178.017,720.419,76.318,193.264,835.825,293.941,225.292,864.158,185.46900000000002,226.834
654.3430000000001,308.856,178.199,720.0219999999999,75.9354,193.521,835.378,293.51599999999996,225.293,863.7589999999999,185.044,226.835
653.915,308.32,178.38400000000001,719.705,75.5464,193.805,834.959,293.03700000000003,225.285,863.3939999999999,184.607,226.833
653.485,307.728,178.576,719.429,75.0758,194.11700000000002,834.548,292.509,225.266,863.066,184.158,226.808
653.072,307.084,178.762,719.2760000000001,74.5835,194.38299999999998,834.17,291.983,225.267,862.785,183.69099999999997,226.77700000000002
652.67,306.378,178.95,719.177,74.0116,194.618,833.791,291.437,225.273,862.544,183.201,226.737
652.2909999999999,305.619,179.12599999999998,719.135,73.372,194.79,833.437,290.879,225.287,862.3530000000001,182.696,226.69
651.9169999999999,304.809,179.28099999999998,719.1389999999999,72.6823,194.905,833.1030000000001,290.291,225.313,862.194,182.179,226.625
651.561,303.968,179.418,719.155,71.9453,194.99599999999998,832.7710000000001,289.692,225.34900000000002,862.055,181.662,226.575
651.183,303.10200000000003,179.525,719.173,71.1977,195.09799999999998,832.414,289.08099999999996,225.393,861.8960000000001,181.155,226.54
650.807,302.191,179.604,719.22,70.4303,195.183,832.054,288.442,225.458,861.707,180.643,226.572
650.422,301.25,179.672,719.2439999999999,69.6147,195.305,831.831,287.879,225.63,861.549,180.15,226.632
650.016,300.276,179.729,719.2610000000001,68.7792,195.42,831.2919999999999,287.20799999999997,225.638,861.3589999999999,179.627,226.715
649.6080000000001,299.255,179.79,719.303,67.959,195.515,830.8839999999999,286.575,225.747,861.1469999999999,179.08700000000002,226.829
649.216,298.214,179.842,719.336,67.1167,195.59799999999998,830.465,285.952,225.87,860.941,178.50799999999998,226.93
648.813,297.16700000000003,179.868,719.355,66.2489,195.69,830.046,285.319,225.96400000000003,860.7510000000001,177.926,227.041
648.439,296.098,179.891,719.4069999999999,65.3968,195.75599999999997,829.669,284.689,226.042,860.595,177.329,227.137
648.073,295.005,179.91299999999998,719.477,64.5295,195.796,829.332,284.066,226.135,860.471,176.72299999999998,227.195
647.754,293.937,179.94,719.567,63.6426,195.838,828.9960000000001,283.42400000000004,226.169,860.3839999999999,176.13099999999997,227.239
647.45,292.877,179.972,719.72,62.7787,195.88099999999997,828.7310000000001,282.789,226.19799999999998,860.3439999999999,175.545,227.238
647.184,291.841,180.02700000000002,719.9119999999999,61.9156,195.947,828.5169999999999,282.137,226.187,860.34,174.976,227.207
646.974,290.827,180.084,720.1469999999999,61.0172,196.04,828.373,281.47,226.175,860.3989999999999,174.391,227.143
646.809,289.807,180.155,720.727,60.376000000000005,196.107,828.2610000000001,280.778,226.109,860.5189999999999,173.81599999999997,227.076
646.717,288.82,180.24,721.051,59.5016,196.237,828.2539999999999,280.084,226.07299999999998,860.68,173.222,227.00900000000001
646.661,287.851,180.34400000000002,721.4060000000001,58.64,196.387,828.299,279.39599999999996,226.049,861.1030000000001,172.72299999999998,227.02200000000002
646.658,286.909,180.457,721.828,57.823,196.56900000000002,828.385,278.691,226.03,861.159,172.05200000000002,226.968
646.736,285.996,180.562,722.2860000000001,56.9969,196.77599999999998,828.552,277.988,226.063,861.668,171.53,227.042
646.8330000000001,285.121,180.649,722.7769999999999,56.1834,196.953,828.745,277.308,226.144,861.79,170.854,227.053
647.002,284.30400000000003,180.73,723.488,55.2108,197.178,828.961,276.639,226.237,862.18,170.265,227.141
647.258,283.527,180.805,724.003,54.5149,197.296,829.232,275.964,226.417,862.585,169.676,227.255
647.558,282.798,180.878,724.5219999999999,53.845,197.425,829.563,275.288,226.66,863.238,169.15900000000002,227.465
647.948,282.093,180.96900000000002,725.1080000000001,53.2127,197.544,829.947,274.60400000000004,226.938,863.7360000000001,168.544,227.653
648.4119999999999,281.443,181.09099999999998,725.732,52.5882,197.643,830.4019999999999,273.91700000000003,227.24900000000002,864.278,167.933,227.859
648.944,280.824,181.21099999999998,726.413,51.9934,197.745,830.928,273.257,227.62099999999998,864.877,167.338,228.088
649.548,280.242,181.343,727.13,51.4285,197.81,831.4830000000001,272.60200000000003,228.015,865.5139999999999,166.733,228.338
650.227,279.692,181.485,727.655,50.6155,197.921,832.105,271.921,228.438,866.2080000000001,166.108,228.597
650.969,279.164,181.61900000000003,728.6439999999999,50.2277,197.862,832.77,271.19599999999997,228.88400000000001,866.933,165.47099999999998,228.859
651.778,278.678,181.737,729.4760000000001,49.6286,197.829,833.495,270.436,229.389,867.6519999999999,164.81099999999998,229.12
652.627,278.216,181.812,730.3539999999999,49.1155,197.726,834.2260000000001,269.66,229.887,868.424,164.137,229.392
653.526,277.777,181.835,731.196,48.5354,197.61900000000003,834.982,268.881,230.364,869.196,163.44799999999998,229.65099999999998
654.43,277.365,181.8,731.995,47.9596,197.445,835.7739999999999,268.1,230.834,869.961,162.754,229.935
655.3739999999999,276.97700000000003,181.73,732.7639999999999,47.4192,197.252,836.55,267.322,231.313,870.669,162.042,230.24099999999999
656.3889999999999,276.595,181.63299999999998,733.4839999999999,46.9086,197.00799999999998,837.326,266.596,231.81599999999997,871.357,161.36,230.575
657.2660000000001,276.272,181.507,733.9119999999999,46.2024,196.83599999999998,838.041,265.903,232.298,872.01,160.679,230.94799999999998
658.192,275.957,181.385,734.76,45.9753,196.525,838.7339999999999,265.22,232.798,872.5980000000001,159.999,231.352
659.0889999999999,275.659,181.278,735.301,45.532,196.299,839.3810000000001,264.533,233.331,873.1460000000001,159.309,231.78599999999997
660.068,275.339,181.192,735.566,44.8857,196.145,840.01,263.842,233.88099999999997,873.8860000000001,158.608,232.326
660.926,275.052,181.125,736.258,44.7274,195.86599999999999,840.638,263.126,234.423,874.173,157.851,232.65
661.7819999999999,274.769,181.049,736.669,44.3308,195.671,841.25,262.388,234.922,874.765,157.067,233.125
662.6489999999999,274.482,180.985,737.05,43.8885,195.518,841.8989999999999,261.643,235.416,875.153,156.24200000000002,233.44099999999997
663.5310000000001,274.204,180.953,737.3939999999999,43.4112,195.372,842.57,260.89799999999997,235.86599999999999,875.5939999999999,155.422,233.775
664.442,273.92900000000003,180.968,737.697,42.9175,195.268,843.275,260.138,236.313,876.293,154.589,234.243
665.3489999999999,273.64599999999996,181.063,737.9689999999999,42.438,195.19400000000002,844.0060000000001,259.341,236.732,876.564,153.724,234.46599999999998
666.2510000000001,273.409,181.21900000000002,738.18,41.9597,195.15099999999998,844.51,258.464,236.98,877.194,152.81799999999998,234.845
667.14,273.211,181.41099999999997,738.3710000000001,41.5012,195.118,845.2439999999999,257.565,237.33900000000003,877.515,151.847,235.09099999999998
668.0010000000001,273.05400000000003,181.6,738.5010000000001,41.1023,195.09400000000002,845.96,256.645,237.69099999999997,877.79,150.907,235.285
668.826,272.945,181.765,738.58,40.7094,195.075,846.842,255.75900000000001,238.13099999999997,878.3480000000001,150.017,235.648
669.61,272.817,181.856,738.3889999999999,40.0764,195.071,847.283,254.812,238.297,878.6439999999999,149.109,235.903
670.377,272.661,181.87599999999998,738.3480000000001,39.6809,195.00099999999998,847.8610000000001,253.93400000000003,238.588,878.857,148.195,236.155
671.0930000000001,272.466,181.865,738.24,39.2513,194.87400000000002,848.6060000000001,253.11700000000002,239.047,879.038,147.278,236.41099999999997
671.7710000000001,272.221,181.82299999999998,738.2689999999999,38.9811,194.68099999999998,848.883,252.231,239.19099999999997,879.1489999999999,146.332,236.673
672.3960000000001,271.95099999999996,181.785,737.904,38.3384,194.511,849.318,251.388,239.498,879.2230000000001,145.37,236.92
672.99,271.671,181.75799999999998,737.674,37.8873,194.275,849.709,250.503,239.778,879.2710000000001,144.376,237.15
673.534,271.39599999999996,181.755,737.45,37.4705,194.035,850.087,249.62900000000002,240.032,879.3560000000001,143.445,237.387
674.023,271.133,181.753,737.2189999999999,37.0792,193.795,850.431,248.75799999999998,240.268,879.33,142.437,237.541
674.454,270.865,181.77599999999998,737.015,36.7287,193.59400000000002,850.7510000000001,247.917,240.454,879.448,141.42600000000002,237.796
674.8330000000001,270.61,181.82,736.857,36.3894,193.452,851.0189999999999,247.106,240.602,879.507,140.549,237.99099999999999
675.1669999999999,270.297,181.886,736.757,36.0172,193.382,851.2710000000001,246.358,240.74,879.558,139.755,238.17
675.437,269.983,181.947,736.7180000000001,35.6317,193.377,851.4730000000001,245.68900000000002,240.903,879.6110000000001,139.05700000000002,238.34900000000002
675.664,269.626,181.99099999999999,736.704,35.211999999999996,193.42,851.627,245.08700000000002,241.045,879.6519999999999,138.48,238.513
675.8580000000001,269.22900000000004,182.024,736.721,34.733000000000004,193.488,851.715,244.554,241.195,879.6610000000001,137.971,238.66400000000002
675.975,268.79900000000004,182.035,736.7439999999999,34.2332,193.55700000000002,851.738,244.06,241.361,879.6189999999999,137.523,238.77200000000002
676.045,268.3,182.032,736.7339999999999,33.6883,193.59,851.7130000000001,243.622,241.512,879.52,137.106,238.861
676.038,267.775,181.981,736.705,33.1742,193.581,851.595,243.208,241.636,879.4169999999999,136.716,238.953
675.943,267.247,181.90599999999998,736.643,32.6761,193.532,851.4110000000001,242.80700000000002,241.74099999999999,879.2330000000001,136.314,239.025
675.789,266.74,181.78400000000002,736.5930000000001,32.2317,193.433,851.179,242.422,241.795,879.057,135.939,239.082
675.575,266.249,181.61599999999999,736.508,31.8531,193.31099999999998,850.905,242.08900000000003,241.83,878.8560000000001,135.576,239.12099999999998
675.329,265.813,181.415,736.4,31.5315,193.18200000000002,850.816,241.847,241.963,878.6389999999999,135.27,239.13400000000001
675.057,265.409,181.19299999999998,736.257,31.2372,193.05,850.314,241.574,241.74599999999998,878.437,135.035,239.107
674.7610000000001,265.075,180.96400000000003,736.128,30.9643,192.953,850.1460000000001,241.445,241.74200000000002,878.2130000000001,134.874,239.02599999999998
674.466,264.768,180.753,736.0,30.7102,192.88400000000001,849.725,241.282,241.53799999999998,877.987,134.769,238.92700000000002
674.177,264.483,180.56099999999998,735.868,30.4497,192.842,849.428,241.166,241.40099999999998,877.753,134.703,238.80900000000003
673.88,264.209,180.40200000000002,735.704,30.1823,192.822,849.457,241.128,241.50400000000002,877.5060000000001,134.66,238.68400000000003
673.6,263.993,180.27,735.4939999999999,29.9527,192.792,849.061,241.0,241.30700000000002,877.2510000000001,134.608,238.577
673.311,263.789,180.12900000000002,735.291,29.8034,192.727,848.582,240.868,241.065,876.9739999999999,134.546,238.484
673.047,263.655,180.00099999999998,735.052,29.6822,192.674,848.4789999999999,240.798,241.143,876.722,134.464,238.452
672.785,263.562,179.888,734.829,29.6383,192.612,847.995,240.68099999999998,240.96400000000003,876.457,134.362,238.451
672.553,263.514,179.795,734.573,29.6179,192.565,847.919,240.65599999999998,241.118,876.198,134.27100000000002,238.503
672.3589999999999,263.503,179.725,734.288,29.5999,192.55900000000003,847.58,240.62,241.08,875.93,134.205,238.55900000000003
672.193,263.545,179.66400000000002,733.995,29.6263,192.56599999999997,847.5060000000001,240.65,241.229,875.645,134.156,238.63
672.0319999999999,263.673,179.59400000000002,733.699,29.7199,192.58599999999998,847.284,240.648,241.24099999999999,875.365,134.157,238.68
671.8919999999999,263.837,179.497,733.383,29.8489,192.57,846.959,240.646,241.141,875.064,134.172,238.706
671.758,264.046,179.38,733.041,30.041,192.52,846.7810000000001,240.68200000000002,241.09900000000002,874.7869999999999,134.204,238.72
671.637,264.296,179.237,732.674,30.2517,192.433,846.428,240.71400000000003,240.87900000000002,874.5219999999999,134.253,238.706
671.5260000000001,264.577,179.06799999999998,732.335,30.5039,192.317,846.2760000000001,240.80599999999998,240.805,874.2689999999999,134.315,238.673
671.414,264.868,178.896,731.959,30.7208,192.167,846.1389999999999,240.918,240.71900000000002,874.0210000000001,134.381,238.644
671.29,265.158,178.752,731.6239999999999,30.9744,192.00799999999998,846.177,241.06900000000002,240.801,873.747,134.45600000000002,238.59099999999998
671.15,265.434,178.628,731.304,31.1931,191.872,845.813,241.135,240.605,873.497,134.535,238.581
670.9860000000001,265.695,178.53799999999998,731.02,31.4447,191.769,845.622,241.233,240.577,873.255,134.613,238.593
670.809,265.932,178.477,730.7810000000001,31.7115,191.71099999999998,845.6160000000001,241.39,240.717,873.0319999999999,134.722,238.643
670.622,266.14,178.43,730.575,31.9579,191.68599999999998,845.3989999999999,241.53799999999998,240.726,872.83,134.861,238.71200000000002
670.437,266.329,178.363,730.456,32.2129,191.675,845.294,241.77700000000002,240.794,872.677,135.05100000000002,238.767
670.24,266.492,178.287,730.363,32.4299,191.674,845.0880000000001,242.04,240.785,872.533,135.321,238.808
670.044,266.638,178.18099999999998,730.32,32.6023,191.688,844.8889999999999,242.358,240.78400000000002,872.3919999999999,135.643,238.833
669.834,266.776,178.097,730.2689999999999,32.7379,191.737,844.682,242.697,240.752,872.253,136.024,238.825
669.586,266.888,178.028,730.2539999999999,32.8889,191.8,844.454,243.048,240.747,872.1360000000001,136.418,238.822
669.297,267.003,178.00400000000002,730.247,33.0624,191.887,844.1,243.36900000000003,240.65099999999998,871.982,136.825,238.824
668.982,267.09,178.00400000000002,730.23,33.2375,191.97,843.925,243.709,240.7,871.8530000000001,137.211,238.852
668.627,267.156,178.012,730.203,33.4235,192.044,843.607,244.041,240.66,871.706,137.586,238.873
668.25,267.159,177.997,730.177,33.6047,192.097,843.302,244.36599999999999,240.612,871.568,137.941,238.893
667.8560000000001,267.126,177.985,730.404,34.031,192.137,842.908,244.71900000000002,240.519,871.449,138.27,238.892
667.502,267.1,177.988,730.409,34.2195,192.21400000000003,842.703,245.123,240.516,871.3389999999999,138.624,238.87900000000002
667.174,267.069,178.02599999999998,730.445,34.4093,192.305,842.4580000000001,245.537,240.435,871.289,138.971,238.826
666.9019999999999,267.066,178.081,730.294,34.3776,192.463,842.296,245.984,240.332,871.294,139.349,238.757
666.698,267.068,178.187,730.404,34.5164,192.62099999999998,842.184,246.398,240.153,871.325,139.738,238.625
666.5369999999999,267.092,178.31400000000002,730.748,34.8711,192.75099999999998,842.165,246.79,239.94099999999997,871.419,140.149,238.457
666.3960000000001,267.137,178.44799999999998,730.913,34.9958,192.926,842.227,247.145,239.68200000000002,871.54,140.56799999999998,238.235
666.265,267.214,178.584,730.905,34.9037,193.145,842.2869999999999,247.484,239.394,871.691,141.005,237.99400000000003
666.145,267.33,178.72,731.1110000000001,35.0442,193.34599999999998,842.342,247.79,239.09799999999998,871.8580000000001,141.431,237.768
666.046,267.439,178.81900000000002,731.34,35.2514,193.543,842.318,248.108,238.78,872.0360000000001,141.839,237.56400000000002
665.949,267.536,178.898,731.7919999999999,35.7034,193.685,842.444,248.463,238.61,872.2280000000001,142.24,237.392
665.8789999999999,267.632,178.9,732.0369999999999,35.9431,193.80200000000002,842.372,248.822,238.352,872.416,142.614,237.225
665.837,267.745,178.84599999999998,732.306,36.1936,193.87,842.451,249.22,238.236,872.565,142.997,237.081
665.836,267.849,178.72400000000002,732.584,36.4391,193.872,842.465,249.62400000000002,238.05599999999998,872.747,143.401,236.954
665.885,267.982,178.58,732.8510000000001,36.643,193.82299999999998,842.538,250.015,237.90200000000002,872.916,143.814,236.798
665.988,268.123,178.423,733.1110000000001,36.8141,193.69799999999998,842.668,250.396,237.75099999999998,873.115,144.196,236.627
666.113,268.283,178.28400000000002,733.347,36.9878,193.53799999999998,842.8480000000001,250.731,237.581,873.309,144.546,236.46400000000003
666.279,268.46,178.17700000000002,733.574,37.172,193.34599999999998,843.066,251.00799999999998,237.398,873.4839999999999,144.838,236.25900000000001
666.4830000000001,268.686,178.08900000000003,733.7610000000001,37.3803,193.13099999999997,843.313,251.239,237.21099999999998,873.7080000000001,145.139,236.074
666.689,268.932,178.013,733.9110000000001,37.5876,192.903,843.584,251.4,237.019,873.959,145.306,235.921
666.8889999999999,269.204,177.94,734.047,37.8513,192.676,843.7389999999999,251.53,236.753,874.1210000000001,145.415,235.718
667.0989999999999,269.496,177.831,733.959,37.9093,192.49599999999998,844.096,251.695,236.606,874.314,145.55100000000002,235.55
667.273,269.779,177.685,734.07,38.2074,192.283,844.23,251.87,236.361,874.5239999999999,145.697,235.396
667.4169999999999,270.107,177.533,734.426,38.7564,192.079,844.436,252.10299999999998,236.19099999999997,874.7139999999999,145.886,235.262
667.568,270.414,177.38099999999997,734.556,39.0944,191.956,844.638,252.365,236.032,874.834,146.139,235.11
667.684,270.718,177.257,734.687,39.4375,191.882,844.79,252.68200000000002,235.882,875.113,146.455,235.093
667.789,271.02299999999997,177.169,734.807,39.7777,191.872,844.949,253.016,235.735,875.206,146.726,234.96400000000003
667.885,271.3,177.12599999999998,734.928,40.097,191.899,845.077,253.36700000000002,235.597,875.28,147.085,234.813
667.97,271.577,177.12400000000002,734.806,40.1832,191.96900000000002,845.209,253.71599999999998,235.455,875.457,147.407,234.763
668.0419999999999,271.848,177.125,735.1080000000001,40.7171,191.96099999999998,845.423,254.06799999999998,235.34900000000002,875.551,147.73,234.638
668.102,272.121,177.11599999999999,735.154,41.0241,191.986,845.465,254.39700000000002,235.09099999999998,875.643,148.039,234.479
668.159,272.42400000000004,177.09400000000002,735.1619999999999,41.3604,191.968,845.59,254.727,234.851,875.725,148.325,234.305
668.2139999999999,272.72,177.042,735.1489999999999,41.6856,191.928,845.706,255.07,234.592,875.801,148.599,234.09900000000002
668.257,273.045,176.986,734.8760000000001,41.8004,191.886,845.8589999999999,255.417,234.292,875.8589999999999,148.856,233.87099999999998
668.296,273.373,176.923,734.79,42.1338,191.826,845.992,255.78,233.93,875.905,149.122,233.614
668.325,273.69,176.862,734.692,42.4733,191.768,846.1469999999999,256.115,233.53900000000002,875.972,149.371,233.335
668.328,274.03,176.835,734.591,42.8218,191.734,846.321,256.474,233.149,876.002,149.624,233.014
668.318,274.342,176.82,734.5110000000001,43.1697,191.704,846.4810000000001,256.81,232.743,875.9639999999999,149.957,232.705
668.285,274.66,176.82299999999998,734.436,43.4946,191.69,846.633,257.154,232.343,876.034,150.24,232.412
668.235,274.968,176.854,734.3789999999999,43.8262,191.706,846.7510000000001,257.469,231.97799999999998,876.1010000000001,150.553,232.12599999999998
668.171,275.277,176.89700000000002,734.3530000000001,44.1568,191.739,846.852,257.8,231.65099999999998,876.165,150.878,231.87
668.081,275.574,176.924,734.3380000000001,44.4806,191.77900000000002,846.895,258.152,231.387,876.207,151.251,231.642
667.9910000000001,275.863,176.917,734.34,44.7754,191.817,846.9019999999999,258.533,231.14700000000002,876.2589999999999,151.634,231.46900000000002
667.8960000000001,276.132,176.88,734.357,45.097,191.856,846.888,258.94,230.958,876.289,152.063,231.296
667.798,276.389,176.803,734.596,45.6577,191.877,846.828,259.39799999999997,230.78599999999997,876.283,152.505,231.178
667.696,276.623,176.71900000000002,734.617,45.9636,191.92700000000002,846.763,259.876,230.63400000000001,876.2739999999999,152.953,231.092
667.595,276.83,176.636,734.628,46.2529,191.983,846.686,260.367,230.5,876.2410000000001,153.416,231.013
667.48,277.045,176.55700000000002,734.6289999999999,46.5387,192.025,846.664,260.902,230.394,876.202,153.872,230.954
667.334,277.264,176.472,734.4069999999999,46.6107,192.072,846.487,261.295,230.247,876.15,154.3,230.88299999999998
667.166,277.507,176.412,734.575,47.1055,192.06400000000002,846.385,261.743,230.118,876.077,154.726,230.80700000000002
666.9839999999999,277.775,176.364,734.313,47.1866,192.09900000000002,846.289,262.151,229.982,875.997,155.13,230.732
666.784,278.061,176.31400000000002,734.438,47.7535,192.07,846.18,262.555,229.838,875.921,155.531,230.64
666.579,278.385,176.292,734.329,48.1343,192.079,846.072,262.947,229.69099999999997,875.836,155.94299999999998,230.567
666.3860000000001,278.731,176.282,734.203,48.536,192.101,845.965,263.36400000000003,229.53599999999997,875.7639999999999,156.362,230.475
666.181,279.07599999999996,176.271,734.066,48.9513,192.142,845.8430000000001,263.791,229.368,875.677,156.806,230.358
665.957,279.45,176.24200000000002,733.959,49.3871,192.176,845.7389999999999,264.255,229.208,875.6010000000001,157.262,230.257
665.7410000000001,279.78700000000003,176.22,733.862,49.7688,192.222,845.584,264.736,229.017,875.495,157.74200000000002,230.113
665.523,280.10200000000003,176.192,733.7669999999999,50.1127,192.235,845.443,265.202,228.84599999999998,875.55,158.217,230.03799999999998
665.304,280.4,176.185,733.7,50.4164,192.22400000000002,845.308,265.69,228.675,875.329,158.734,229.826
665.096,280.677,176.187,733.64,50.711999999999996,192.203,845.1669999999999,266.16,228.513,875.408,159.211,229.75900000000001
664.904,280.955,176.237,733.576,50.9769,192.16400000000002,845.047,266.628,228.368,875.3380000000001,159.703,229.61
664.72,281.223,176.30900000000003,733.523,51.2328,192.14700000000002,844.929,267.089,228.27599999999998,875.262,160.196,229.476
664.539,281.51099999999997,176.398,733.538,51.5681,192.09599999999998,844.797,267.535,228.16099999999997,874.988,160.688,229.299
664.3660000000001,281.813,176.47400000000002,733.3480000000001,51.8604,192.125,844.653,267.975,228.07299999999998,874.8710000000001,161.16899999999998,229.218
664.191,282.097,176.553,733.258,52.1783,192.09599999999998,844.5169999999999,268.395,228.03,874.9169999999999,161.59799999999998,229.21
664.01,282.4,176.604,733.145,52.51,192.049,844.36,268.801,227.997,874.627,162.065,229.108
663.834,282.72,176.638,733.0110000000001,52.8473,191.982,844.22,269.203,227.982,874.488,162.491,229.09799999999998
663.6460000000001,283.05,176.666,732.87,53.1687,191.91299999999998,844.028,269.615,227.97,874.327,162.901,229.08700000000002
663.453,283.392,176.695,732.69,53.4977,191.835,843.827,270.012,227.955,874.1510000000001,163.316,229.078
663.243,283.726,176.71200000000002,732.512,53.8442,191.75099999999998,843.618,270.39599999999996,227.951,873.951,163.726,229.072
663.002,284.067,176.707,732.326,54.1939,191.68400000000003,843.3860000000001,270.79400000000004,227.92700000000002,873.752,164.14,229.06900000000002
662.7310000000001,284.423,176.687,732.0989999999999,54.558,191.615,843.14,271.173,227.918,873.5260000000001,164.55,229.063
662.3439999999999,284.782,176.632,731.875,54.9248,191.53400000000002,842.8560000000001,271.543,227.886,873.331,164.968,229.07
662.12,285.096,176.588,731.617,55.2646,191.442,842.566,271.913,227.86599999999999,873.216,165.39700000000002,229.101
661.635,285.45799999999997,176.498,731.355,55.6026,191.34599999999998,842.2539999999999,272.309,227.84099999999998,872.785,165.726,229.03
661.423,285.76,176.46200000000002,731.086,55.9355,191.24400000000003,841.933,272.707,227.812,872.461,166.025,229.0
661.133,286.073,176.416,730.806,56.248000000000005,191.15900000000002,841.6339999999999,273.134,227.793,872.403,166.455,229.06400000000002
660.775,286.394,176.368,730.508,56.5448,191.092,841.257,273.599,227.66400000000002,872.2869999999999,166.87400000000002,229.045
660.5010000000001,286.703,176.352,730.01,56.6149,191.109,841.095,273.998,227.676,872.195,167.305,229.017
660.237,287.051,176.343,729.815,57.0524,191.03099999999998,840.872,274.41900000000004,227.555,871.903,167.66299999999998,228.882
659.995,287.41,176.351,729.575,57.4058,191.005,840.572,274.775,227.34,871.328,168.018,228.61
659.795,287.809,176.388,729.39,57.8048,191.00099999999998,840.312,275.025,227.267,871.453,168.36700000000002,228.622
659.492,288.223,176.417,729.15,58.1804,191.03599999999997,840.47,275.496,227.09099999999998,871.2739999999999,168.762,228.458
659.2489999999999,288.655,176.46200000000002,728.997,58.4146,191.023,840.437,275.722,227.011,871.6419999999999,169.114,228.50099999999998
659.17,288.953,176.582,728.8639999999999,58.6992,191.042,840.238,275.973,226.79,871.831,169.50400000000002,228.447
658.919,289.29,176.64700000000002,728.7610000000001,58.9683,191.085,840.2180000000001,276.26599999999996,226.62400000000002,871.337,169.743,228.123
658.71,289.579,176.704,728.704,59.2184,191.14,840.194,276.579,226.49099999999999,871.303,170.12400000000002,227.985
658.508,289.836,176.774,728.677,59.456,191.2,840.16,276.92400000000004,226.395,871.297,170.51,227.84900000000002
658.293,290.066,176.83700000000002,728.671,59.6852,191.28,840.0989999999999,277.309,226.33,870.8989999999999,170.923,227.572
658.084,290.41200000000003,176.81400000000002,728.672,59.9379,191.385,839.9910000000001,277.71,226.27900000000002,870.8430000000001,171.355,227.458
657.873,290.48,176.899,728.678,60.18899999999999,191.476,839.8510000000001,278.134,226.243,871.1389999999999,171.78599999999997,227.511
657.6510000000001,290.7,176.918,728.67,60.4554,191.562,839.68,278.551,226.205,871.076,172.21,227.447
657.435,290.911,176.935,728.638,60.7285,191.64,839.512,278.965,226.172,871.01,172.63099999999997,227.403
657.23,291.10200000000003,176.968,728.63,60.9981,191.69400000000002,839.3430000000001,279.343,226.11599999999999,870.566,173.02599999999998,227.21200000000002
657.0260000000001,291.316,176.99200000000002,728.622,61.26,191.725,839.174,279.724,226.033,870.513,173.421,227.18
656.827,291.527,177.023,728.615,61.496,191.71900000000002,839.03,280.08299999999997,225.93,870.442,173.78400000000002,227.104
656.6339999999999,291.775,177.063,728.6260000000001,61.7258,191.68200000000002,838.916,280.428,225.82299999999998,870.431,174.143,227.014
656.47,292.025,177.077,728.6510000000001,61.963,191.64,838.816,280.772,225.703,870.426,174.50099999999998,226.916
656.2439999999999,292.243,177.071,728.689,62.1788,191.585,838.7439999999999,281.107,225.553,870.467,174.859,226.767
656.092,292.462,177.105,728.7439999999999,62.41,191.55200000000002,838.675,281.442,225.416,871.0169999999999,175.321,226.801
655.939,292.66200000000003,177.153,728.847,62.6199,191.535,838.632,281.78,225.268,870.943,175.665,226.59799999999998
655.817,292.856,177.209,728.965,62.8153,191.52700000000002,838.5830000000001,282.126,225.118,870.8510000000001,176.016,226.365
655.679,293.01599999999996,177.283,729.1039999999999,62.9862,191.55599999999998,838.564,282.45,224.97400000000002,870.779,176.34400000000002,226.15099999999998
655.541,293.056,177.438,729.253,63.1548,191.588,838.53,282.774,224.833,870.762,176.695,225.952
655.459,293.29200000000003,177.43200000000002,729.39,63.3227,191.608,838.5089999999999,283.095,224.695,870.745,177.058,225.757
655.3430000000001,293.41900000000004,177.472,729.5139999999999,63.4965,191.641,838.461,283.427,224.56900000000002,870.7689999999999,177.41099999999997,225.609
655.21,293.538,177.484,729.637,63.678000000000004,191.68200000000002,838.3939999999999,283.746,224.453,870.7869999999999,177.771,225.479
655.075,293.659,177.479,729.698,63.8776,191.736,838.552,284.14,224.426,870.794,178.10299999999998,225.359
654.931,293.782,177.452,729.75,64.0757,191.804,838.408,284.47,224.30200000000002,870.7739999999999,178.442,225.271
654.784,293.91,177.43099999999998,729.798,64.2819,191.87,838.211,284.764,224.16099999999997,870.7439999999999,178.762,225.179
654.648,294.05,177.425,729.84,64.4876,191.952,838.053,285.064,224.018,870.7230000000001,179.03,225.107
654.543,294.182,177.378,729.8739999999999,64.6934,192.045,837.946,285.327,223.898,870.71,179.31,225.014
654.305,294.277,177.475,729.89,64.8783,192.14700000000002,837.8639999999999,285.573,223.769,870.665,179.55200000000002,224.94099999999997
654.155,294.377,177.46400000000003,729.666,65.2699,192.14700000000002,837.797,285.78700000000003,223.637,870.643,179.791,224.834
653.996,294.499,177.452,729.69,65.4369,192.21400000000003,837.735,285.981,223.484,870.63,180.011,224.738
653.8330000000001,294.61400000000003,177.44099999999997,729.706,65.5951,192.295,837.68,286.161,223.317,870.627,180.21200000000002,224.62900000000002
653.681,294.715,177.418,729.717,65.7531,192.355,837.6210000000001,286.347,223.14700000000002,870.6089999999999,180.394,224.514
653.503,294.76,177.359,729.7289999999999,65.8943,192.398,837.7539999999999,286.593,223.09900000000002,870.584,180.59,224.398
653.352,294.862,177.32,729.75,65.9817,192.43,837.6419999999999,286.76,222.951,870.571,180.78099999999998,224.291
653.185,294.932,177.28099999999998,729.7710000000001,66.07600000000001,192.459,837.5210000000001,286.928,222.81,870.544,180.96400000000003,224.18099999999998
653.006,294.99,177.22799999999998,729.7860000000001,66.1318,192.484,837.3960000000001,287.097,222.678,870.5,181.15099999999998,224.09599999999998
652.786,295.012,177.155,729.824,66.199,192.50400000000002,837.268,287.267,222.555,870.445,181.34,224.01
652.567,295.036,177.072,729.857,66.2216,192.532,837.133,287.428,222.44299999999998,870.3760000000001,181.52700000000002,223.946
652.3330000000001,295.056,176.983,729.8860000000001,66.2361,192.57,836.987,287.584,222.34,870.279,181.7,223.895
652.095,295.08099999999996,176.865,729.921,66.2396,192.627,836.807,287.718,222.236,870.191,181.862,223.88
651.8530000000001,295.11400000000003,176.729,729.933,66.2132,192.706,836.6489999999999,287.842,222.15400000000002,870.0889999999999,181.993,223.887
651.614,295.119,176.58900000000003,729.955,66.1632,192.771,836.4760000000001,287.952,222.08599999999998,869.9680000000001,182.118,223.933
651.399,295.097,176.42700000000002,729.97,66.1049,192.82,836.305,288.04,222.002,869.83,182.247,224.005
651.203,295.056,176.248,729.98,66.0025,192.862,836.1469999999999,288.131,221.926,869.686,182.351,224.1
651.025,295.01,176.08900000000003,729.997,65.8859,192.88099999999997,835.9960000000001,288.223,221.86900000000003,869.551,182.455,224.231
650.877,294.921,175.917,730.02,65.7762,192.89,835.847,288.32099999999997,221.81799999999998,869.3989999999999,182.53900000000002,224.364
650.741,294.849,175.74400000000003,730.242,65.4806,192.94799999999998,835.697,288.44599999999997,221.755,869.275,182.643,224.47
650.604,294.77099999999996,175.562,730.263,65.4068,192.9,835.553,288.58299999999997,221.708,869.135,182.77,224.55
650.481,294.72700000000003,175.391,730.2769999999999,65.3573,192.821,835.3960000000001,288.73,221.65400000000002,869.0210000000001,182.917,224.612
650.356,294.707,175.229,730.279,65.3144,192.71599999999998,835.2410000000001,288.862,221.611,868.926,183.06099999999998,224.645
650.237,294.725,175.084,730.27,65.2704,192.605,835.0889999999999,288.982,221.58599999999998,868.807,183.18400000000003,224.644
650.1419999999999,294.772,174.97,730.2660000000001,65.2626,192.525,834.925,289.07099999999997,221.583,868.702,183.29,224.673
650.068,294.848,174.885,730.252,65.2724,192.457,834.727,289.142,221.582,868.596,183.382,224.72
650.02,294.952,174.82,730.222,65.3065,192.40200000000002,834.571,289.236,221.62099999999998,868.4989999999999,183.47099999999998,224.799
650.01,295.069,174.76,729.9680000000001,65.5396,192.257,834.4730000000001,289.324,221.697,868.4119999999999,183.52200000000002,224.88400000000001
650.018,295.207,174.72299999999998,729.9169999999999,65.5904,192.148,834.403,289.39799999999997,221.78599999999997,868.347,183.558,225.00099999999998
650.065,295.332,174.678,729.86,65.6485,192.049,834.385,289.485,221.888,868.297,183.59099999999998,225.08900000000003
650.136,295.46299999999997,174.641,729.804,65.7194,191.94400000000002,834.404,289.566,222.0,868.26,183.614,225.16299999999998
650.211,295.613,174.61599999999999,729.7510000000001,65.8035,191.847,834.4580000000001,289.624,222.082,868.2489999999999,183.636,225.22400000000002
650.304,295.77299999999997,174.576,729.716,65.9085,191.75900000000001,834.5319999999999,289.683,222.153,868.255,183.65400000000002,225.263
650.4159999999999,295.941,174.57,729.701,66.0285,191.69400000000002,834.645,289.742,222.18599999999998,868.319,183.68200000000002,225.312
650.5509999999999,296.128,174.56099999999998,729.692,66.1681,191.65099999999998,834.5189999999999,289.70799999999997,222.09799999999998,868.398,183.703,225.324
650.702,296.314,174.572,729.711,66.3145,191.60299999999998,834.673,289.765,222.097,868.512,183.725,225.32299999999998
650.862,296.514,174.58700000000002,729.7639999999999,66.4608,191.56400000000002,834.8710000000001,289.819,222.093,868.6619999999999,183.755,225.28599999999997
651.053,296.723,174.61599999999999,729.845,66.5962,191.50799999999998,835.1039999999999,289.85900000000004,222.08,868.83,183.8,225.24200000000002
651.262,296.911,174.64700000000002,729.942,66.7344,191.447,835.341,289.884,222.049,869.0269999999999,183.84099999999998,225.172
651.4730000000001,297.096,174.685,730.072,66.8611,191.375,835.596,289.91200000000003,222.03599999999997,869.221,183.898,225.075
651.681,297.268,174.71400000000003,730.215,66.9834,191.30900000000003,835.842,289.948,222.011,869.444,183.95,224.982
651.9019999999999,297.414,174.743,730.4069999999999,67.0779,191.234,836.092,289.993,221.987,869.6669999999999,184.014,224.88099999999997
652.121,297.531,174.748,730.6160000000001,67.1528,191.17,836.321,290.046,221.95,869.887,184.092,224.783
652.321,297.613,174.765,730.829,67.2184,191.114,836.539,290.13599999999997,221.907,870.128,184.187,224.72099999999998
652.52,297.672,174.785,731.2660000000001,67.0774,191.125,836.7260000000001,290.241,221.878,870.365,184.287,224.65099999999998
652.719,297.70799999999997,174.81099999999998,731.528,67.1245,191.1,836.932,290.345,221.85299999999998,870.6,184.40200000000002,224.61700000000002
652.901,297.687,174.845,731.779,67.1538,191.09400000000002,837.117,290.438,221.83599999999998,870.824,184.50599999999997,224.56799999999998
653.101,297.65,174.89,732.0419999999999,67.1526,191.085,837.2819999999999,290.541,221.812,871.033,184.615,224.52900000000002
653.284,297.58,174.929,732.335,67.1298,191.09099999999998,837.446,290.612,221.795,871.2819999999999,184.71099999999998,224.523
653.447,297.49,174.97400000000002,732.6289999999999,67.1059,191.097,837.6010000000001,290.686,221.77700000000002,871.498,184.79,224.49599999999998
653.604,297.39099999999996,175.016,732.922,67.0426,191.09400000000002,837.752,290.746,221.752,871.725,184.88400000000001,224.481
653.756,297.269,175.05,733.2330000000001,66.9703,191.104,837.888,290.807,221.71099999999998,871.936,184.956,224.43099999999998
653.8969999999999,297.14099999999996,175.079,733.541,66.8589,191.08700000000002,838.03,290.85200000000003,221.672,872.166,185.01,224.377
654.035,296.97900000000004,175.115,733.862,66.7453,191.065,838.17,290.88599999999997,221.622,872.387,185.049,224.327
654.161,296.815,175.144,734.168,66.6175,191.055,838.304,290.904,221.567,872.6139999999999,185.077,224.27
654.2819999999999,296.638,175.169,734.4689999999999,66.4891,191.03599999999997,838.6289999999999,290.967,221.57299999999998,872.85,185.09400000000002,224.205
654.39,296.46299999999997,175.18900000000002,734.7660000000001,66.3549,191.024,838.576,290.87,221.419,873.07,185.101,224.15400000000002
654.506,296.272,175.21,735.049,66.2038,191.03099999999998,838.703,290.837,221.342,873.293,185.085,224.08900000000003
654.619,296.078,175.22400000000002,735.34,66.081,191.053,838.852,290.789,221.274,873.5,185.055,224.04
654.7280000000001,295.883,175.245,735.618,65.9341,191.08900000000003,838.982,290.72700000000003,221.21,873.7139999999999,185.02900000000002,223.99400000000003
654.84,295.691,175.25900000000001,735.9,65.7852,191.13099999999997,839.1239999999999,290.656,221.145,873.91,184.957,223.952
654.9580000000001,295.482,175.27200000000002,736.153,65.62100000000001,191.175,839.2769999999999,290.564,221.08700000000002,874.1089999999999,184.868,223.905
655.0790000000001,295.275,175.282,736.405,65.4629,191.222,839.429,290.441,221.03599999999997,874.331,184.763,223.89
655.211,295.07099999999997,175.30200000000002,736.654,65.2801,191.27200000000002,839.5939999999999,290.303,220.979,874.52,184.61,223.843
655.341,294.856,175.325,736.8919999999999,65.0848,191.322,839.7639999999999,290.14599999999996,220.933,874.7280000000001,184.46400000000003,223.821
655.487,294.639,175.33599999999998,737.105,64.8865,191.37099999999998,839.931,289.976,220.877,874.936,184.30599999999998,223.79
655.64,294.432,175.35,737.316,64.6823,191.42,840.115,289.765,220.825,875.143,184.101,223.765
655.796,294.236,175.36599999999999,737.5110000000001,64.4661,191.472,840.316,289.561,220.775,875.314,183.886,223.725
655.961,294.03,175.375,737.686,64.2442,191.505,840.5060000000001,289.33,220.743,875.512,183.646,223.704
656.1439999999999,293.835,175.37599999999998,737.8489999999999,64.0334,191.537,840.7239999999999,289.08799999999997,220.705,875.705,183.396,223.673
656.322,293.643,175.38,737.9910000000001,63.8302,191.56799999999998,840.927,288.825,220.66400000000002,875.875,183.111,223.64700000000002
656.512,293.459,175.37599999999998,738.11,63.6162,191.6,841.159,288.558,220.637,876.06,182.815,223.63299999999998
656.7180000000001,293.28,175.37400000000002,738.211,63.3898,191.615,841.3789999999999,288.281,220.611,876.23,182.518,223.623
656.919,293.112,175.37900000000002,738.296,63.183,191.62599999999998,841.5830000000001,287.986,220.588,876.382,182.209,223.614
657.112,292.955,175.37900000000002,738.3689999999999,62.9771,191.65200000000002,841.828,287.687,220.57,876.539,181.898,223.622
657.319,292.8,175.38099999999997,738.437,62.7747,191.662,842.044,287.401,220.56,876.695,181.576,223.627
657.533,292.64,175.377,738.497,62.5608,191.666,842.28,287.094,220.555,876.8380000000001,181.247,223.614
657.7289999999999,292.504,175.382,738.564,62.3683,191.66099999999997,842.4989999999999,286.8,220.549,877.0060000000001,180.93,223.61700000000002
657.933,292.369,175.386,738.578,62.138000000000005,191.665,842.712,286.532,220.551,877.154,180.623,223.611
658.15,292.23400000000004,175.387,738.6610000000001,61.9468,191.66099999999997,842.926,286.259,220.53799999999998,877.301,180.325,223.6
658.362,292.117,175.408,738.701,61.7567,191.668,843.1469999999999,286.013,220.545,877.4760000000001,180.03900000000002,223.612
658.597,292.001,175.423,738.83,61.6312,191.65200000000002,843.3660000000001,285.785,220.532,877.6310000000001,179.78,223.618
658.836,291.899,175.447,738.9060000000001,61.4687,191.66400000000002,843.591,285.555,220.53400000000002,877.773,179.547,223.627
659.06,291.803,175.477,738.9889999999999,61.3149,191.68200000000002,843.817,285.358,220.549,877.956,179.31599999999997,223.641
659.301,291.722,175.512,739.075,61.1612,191.69,844.056,285.159,220.55900000000003,878.118,179.104,223.645
659.548,291.658,175.53900000000002,739.153,60.9989,191.701,844.29,284.985,220.55200000000002,878.28,178.908,223.65599999999998
659.7860000000001,291.619,175.577,739.242,60.8711,191.69299999999998,844.5419999999999,284.813,220.578,878.45,178.71400000000003,223.66099999999997
660.047,291.589,175.618,739.2439999999999,60.6711,191.71200000000002,844.7810000000001,284.64799999999997,220.574,878.6289999999999,178.535,223.67
660.279,291.584,175.66099999999997,739.41,60.665,191.67700000000002,845.033,284.51,220.58900000000003,878.791,178.36599999999999,223.679
660.5189999999999,291.595,175.703,739.5010000000001,60.5926,191.68400000000003,845.28,284.373,220.61,878.965,178.22,223.683
660.732,291.61,175.74,739.508,60.4269,191.735,845.518,284.269,220.628,879.154,178.088,223.695
660.961,291.633,175.78799999999998,739.6260000000001,60.3792,191.745,845.763,284.16,220.61900000000003,879.34,177.972,223.679
661.172,291.65,175.831,739.7710000000001,60.3513,191.753,845.9860000000001,284.095,220.628,879.535,177.893,223.676
661.3639999999999,291.673,175.872,739.93,60.3198,191.765,846.2130000000001,284.03,220.636,879.73,177.838,223.66
